OPEN 6.2.5,,,,,,,,,,,,,,,,,,,,,,,,,,,,,,,,,,,,,,,,,,,,,,,,,,,,,,,,,,,,,,,,,,,,,,,,,,,,,,,,,,
Sat May  2 2015 09:40:04,,,,,,,,,,,,,,,,,,,,,,,,,,,,,,,,,,,,,,,,,,,,,,,,,,,,,,,,,,,,,,,,,,,,,,,,,,,,,,,,,,
Unit=,PSC-4034,,,,,,,,,,,,,,,,,,,,,,,,,,,,,,,,,,,,,,,,,,,,,,,,,,,,,,,,,,,,,,,,,,,,,,,,,,,,,,,,,
LCF=,LCF-1966,,,,,,,,,,,,,,,,,,,,,,,,,,,,,,,,,,,,,,,,,,,,,,,,,,,,,,,,,,,,,,,,,,,,,,,,,,,,,,,,,
LCFCals=,-1.389999986,-0.319999993,-2929,,,,,,,,,,,,,,,,,,,,,,,,,,,,,,,,,,,,,,,,,,,,,,,,,,,,,,,,,,,,,,,,,,,,,,,,,,,,,,,
LightSource=,6400-40 Fluorometer,1,0.159999996,,,,,,,,,,,,,,,,,,,,,,,,,,,,,,,,,,,,,,,,,,,,,,,,,,,,,,,,,,,,,,,,,,,,,,,,,,,,,,,
A/D AvgTime=,4,,,,,,,,,,,,,,,,,,,,,,,,,,,,,,,,,,,,,,,,,,,,,,,,,,,,,,,,,,,,,,,,,,,,,,,,,,,,,,,,,
Config=,/User/Configs/UserPrefs/lcf.xml,,,,,,,,,,,,,,,,,,,,,,,,,,,,,,,,,,,,,,,,,,,,,,,,,,,,,,,,,,,,,,,,,,,,,,,,,,,,,,,,,
Remark=,,,,,,,,,,,,,,,,,,,,,,,,,,,,,,,,,,,,,,,,,,,,,,,,,,,,,,,,,,,,,,,,,,,,,,,,,,,,,,,,,,
,,,,,,,,,,,,,,,,,,,,,,,,,,,,,,,,,,,,,,,,,,,,,,,,,,,,,,,,,,,,,,,,,,,,,,,,,,,,,,,,,,
Obs,HHMMSS,FTime,EBal?,Photo,Cond,Ci,FCnt,DCnt,Fo,Fm,Fo',Fm',Fs,Fv/Fm,Fv'/Fm',PhiPS2,Adark,RedAbs,BlueAbs,%Blue,LeafAbs,PhiCO2,qP,qN,NPQ,ParIn@Fs,PS2/1,ETR,Trmmol,VpdL,CTleaf,Area,BLC_1,StmRat,BLCond,Tair,Tleaf,TBlk,CO2R,CO2S,H2OR,H2OS,RH_R,RH_S,Flow,PARi,PARo,Press,CsMch,HsMch,StableF,BLCslope,BLCoffst,f_parin,f_parout,alphaK,Status,fda,Trans,Tair_K,Twall_K,R(W/m2),Tl-Ta,SVTleaf,h2o_i,h20diff,CTair,SVTair,CndTotal,vp_kPa,VpdA,CndCO2,Ci_Pa,Ci/Ca,RHsfc,C2sfc,AHs/Cs,Fv,PARabs,Fv',qP_Fo,qN_Fo
in,in,in,in,out,out,out,in,in,in,in,in,in,in,out,out,out,in,in,in,in,out,out,out,out,out,in,in,out,out,out,out,in,out,in,out,in,in,in,in,in,in,in,in,in,in,in,in,in,in,in,in,in,in,in,in,in,in,out,out,out,out,out,out,out,out,out,out,out,out,out,out,out,out,out,out,out,out,out,out,out,out,out
Remark=,"""09:40:05 Launched AutoProg /User/Configs/AutoProgs/LightCurve2""
",,,,,,,,,,,,,,,,,,,,,,,,,,,,,,,,,,,,,,,,,,,,,,,,,,,,,,,,,,,,,,,,,,,,,,,,,,,,,,,,,
Remark=,"""09:40:06 LCF Lamp: ParIn -> 500 uml, with blue = 10 percent, actinic on""
",,,,,,,,,,,,,,,,,,,,,,,,,,,,,,,,,,,,,,,,,,,,,,,,,,,,,,,,,,,,,,,,,,,,,,,,,,,,,,,,,
Remark=,"""09:40:07 CO2 Mixer: CO2S -> 400 uml""
",,,,,,,,,,,,,,,,,,,,,,,,,,,,,,,,,,,,,,,,,,,,,,,,,,,,,,,,,,,,,,,,,,,,,,,,,,,,,,,,,
Remark=,"""09:40:07 Coolers: Tleaf -> 10.00 C""
",,,,,,,,,,,,,,,,,,,,,,,,,,,,,,,,,,,,,,,,,,,,,,,,,,,,,,,,,,,,,,,,,,,,,,,,,,,,,,,,,
Remark=,"""09:40:07 Flow: Fixed -> 150 umol/s""
",,,,,,,,,,,,,,,,,,,,,,,,,,,,,,,,,,,,,,,,,,,,,,,,,,,,,,,,,,,,,,,,,,,,,,,,,,,,,,,,,
Remark=,"""09:40:07 LCF Lamp: ParIn -> 600 uml, with blue = 10 percent, actinic on""
",,,,,,,,,,,,,,,,,,,,,,,,,,,,,,,,,,,,,,,,,,,,,,,,,,,,,,,,,,,,,,,,,,,,,,,,,,,,,,,,,
Remark=,"""09:41:08 Fs=450 Msr=3 Mod=0.25 Filter=5 Gain=10""
",,,,,,,,,,,,,,,,,,,,,,,,,,,,,,,,,,,,,,,,,,,,,,,,,,,,,,,,,,,,,,,,,,,,,,,,,,,,,,,,,
Remark=,"""09:41:08 RF#28 9011 um, Fmax=639 Int=9 Mod=20 Filter=50""
",,,,,,,,,,,,,,,,,,,,,,,,,,,,,,,,,,,,,,,,,,,,,,,,,,,,,,,,,,,,,,,,,,,,,,,,,,,,,,,,,
Remark=,"""09:41:09 Fm'=639""
",,,,,,,,,,,,,,,,,,,,,,,,,,,,,,,,,,,,,,,,,,,,,,,,,,,,,,,,,,,,,,,,,,,,,,,,,,,,,,,,,
Remark=,"""{ Unknown! }09:41:17 Dark#28 Fmin=333 Dur=6 FarRed=8 Pre=1 Post=4 Mod=0.25 Filter=5""
",,,,,,,,,,,,,,,,,,,,,,,,,,,,,,,,,,,,,,,,,,,,,,,,,,,,,,,,,,,,,,,,,,,,,,,,,,,,,,,,,
Remark=,"""09:41:17 Fo'=333""
",,,,,,,,,,,,,,,,,,,,,,,,,,,,,,,,,,,,,,,,,,,,,,,,,,,,,,,,,,,,,,,,,,,,,,,,,,,,,,,,,
1,09:41:17,80.00000055,0,7.422567997,0.108258345,284.4395776,28,28,0,0,333.0400391,639.036438,450.3204041,#DIV/0!,0.478840299,0.295313417,-1,0.87,0.92,9.988435745,0.874994218,0.016010258,0.616726323,1.918797631,-1,601.2305298,0.5,77.67824257,0.930794346,0.863912688,11.87039471,1.840000033,4.861682179,1,9.723364358,8.139787674,11.87039471,5.214578152,409.5250854,399.939209,4.160870552,5.299470901,38.40223312,48.91080093,149.6210175,601.2305298,12.55447674,100.336792,5.005373001,0.131092429,0.75,-1.355140209,7.355140209,1,0,0.159999996,111115,0.813157689,0.000930794,285.0203947,281.2897877,96.19688262,0.07177078,1.395644598,13.90959956,8.610128659,10.00509119,1.232919008,0.107066286,0.53173191,0.701187098,0.067022516,28.53975473,0.711207032,38.18729816,398.9086535,0.007105582,0,526.0732372,305.9963989,0.295313417,#DIV/0!
Remark=,"""09:41:20 LCF Lamp: ParIn -> 500 uml, with blue = 10 percent, actinic on""
",,,,,,,,,,,,,,,,,,,,,,,,,,,,,,,,,,,,,,,,,,,,,,,,,,,,,,,,,,,,,,,,,,,,,,,,,,,,,,,,,
Remark=,"""09:42:21 Fs=451 Msr=3 Mod=0.25 Filter=5 Gain=10""
",,,,,,,,,,,,,,,,,,,,,,,,,,,,,,,,,,,,,,,,,,,,,,,,,,,,,,,,,,,,,,,,,,,,,,,,,,,,,,,,,
Remark=,"""09:42:21 RF#29 8963 um, Fmax=674 Int=9 Mod=20 Filter=50""
",,,,,,,,,,,,,,,,,,,,,,,,,,,,,,,,,,,,,,,,,,,,,,,,,,,,,,,,,,,,,,,,,,,,,,,,,,,,,,,,,
Remark=,"""09:42:22 Fm'=674""
",,,,,,,,,,,,,,,,,,,,,,,,,,,,,,,,,,,,,,,,,,,,,,,,,,,,,,,,,,,,,,,,,,,,,,,,,,,,,,,,,
Remark=,"""   6   8   1   4 0.25   509:42:30 Dark#29 Fmin=339 Dur=6 FarRed=8 Pre=1 Post=4 Mod=0.25 Filter=5""
",,,,,,,,,,,,,,,,,,,,,,,,,,,,,,,,,,,,,,,,,,,,,,,,,,,,,,,,,,,,,,,,,,,,,,,,,,,,,,,,,
Remark=,"""09:42:30 Fo'=339""
",,,,,,,,,,,,,,,,,,,,,,,,,,,,,,,,,,,,,,,,,,,,,,,,,,,,,,,,,,,,,,,,,,,,,,,,,,,,,,,,,
2,09:42:30,152.9999955,0,7.704257653,0.101868191,273.527605,29,29,0,0,339.1123047,674.3137207,451.382019,#DIV/0!,0.497100097,0.330605317,-1,0.87,0.92,9.788744926,0.874894372,0.019974592,0.6650679,1.988467276,-1,498.078949,0.5,72.03335598,0.865150074,0.85296468,11.69409561,1.840000033,4.861682179,1,9.723364358,6.904971123,11.69409561,3.293854713,410.1410828,400.2394104,4.188694,5.24719429,42.06442642,52.69428253,149.600647,498.078949,12.55835724,100.3451233,5.005373001,0.131092429,1,-1.355140209,7.355140209,1,0,0.159999996,111115,0.81304698,0.00086515,284.8440956,280.0549711,79.69263005,-0.019111946,1.379495038,13.74750454,8.500310249,9.299533367,1.175872038,0.100812019,0.526530358,0.64934168,0.063101559,27.44716125,0.683409974,38.22269121,399.1697449,0.007377249,0,435.7664695,335.201416,0.330605317,#DIV/0!
Remark=,"""09:42:35 LCF Lamp: ParIn -> 450 uml, with blue = 10 percent, actinic on""
",,,,,,,,,,,,,,,,,,,,,,,,,,,,,,,,,,,,,,,,,,,,,,,,,,,,,,,,,,,,,,,,,,,,,,,,,,,,,,,,,
Remark=,"""09:43:36 Fs=455 Msr=3 Mod=0.25 Filter=5 Gain=10""
",,,,,,,,,,,,,,,,,,,,,,,,,,,,,,,,,,,,,,,,,,,,,,,,,,,,,,,,,,,,,,,,,,,,,,,,,,,,,,,,,
Remark=,"""09:43:36 RF#30 8950 um, Fmax=707 Int=9 Mod=20 Filter=50""
",,,,,,,,,,,,,,,,,,,,,,,,,,,,,,,,,,,,,,,,,,,,,,,,,,,,,,,,,,,,,,,,,,,,,,,,,,,,,,,,,
Remark=,"""09:43:37 Fm'=707""
",,,,,,,,,,,,,,,,,,,,,,,,,,,,,,,,,,,,,,,,,,,,,,,,,,,,,,,,,,,,,,,,,,,,,,,,,,,,,,,,,
Remark=,"""   6   8   1   4 0.25   509:43:45 Dark#30 Fmin=344 Dur=6 FarRed=8 Pre=1 Post=4 Mod=0.25 Filter=5""
",,,,,,,,,,,,,,,,,,,,,,,,,,,,,,,,,,,,,,,,,,,,,,,,,,,,,,,,,,,,,,,,,,,,,,,,,,,,,,,,,
Remark=,"""09:43:45 Fo'=344""
",,,,,,,,,,,,,,,,,,,,,,,,,,,,,,,,,,,,,,,,,,,,,,,,,,,,,,,,,,,,,,,,,,,,,,,,,,,,,,,,,
3,09:43:45,228.4999903,0,7.534006355,0.101877234,276.6137045,30,30,0,0,344.012207,707.8081665,455.3012085,#DIV/0!,0.513975363,0.356744906,-1,0.87,0.92,10.00951958,0.87500476,0.021776495,0.694089507,2.057508868,-1,447.8726807,0.5,69.9025104,0.838516653,0.826720818,11.39635563,1.840000033,4.861682179,1,9.723364358,6.3432827,11.39635563,2.574266434,410.1749268,400.496582,4.215014935,5.240821362,43.99500656,54.70205307,149.6173859,447.8726807,12.5204916,100.3418121,5.005373001,0.131092429,0.75,-1.355140209,7.355140209,1,0,0.159999996,111115,0.813137952,0.000838517,284.5463556,279.4932827,71.6596273,-0.054517381,1.352594331,13.47986748,8.239046123,8.869819164,1.142279551,0.100820876,0.525873512,0.616406038,0.063107111,27.75592037,0.690676817,38.94110726,399.4505543,0.007344652,0,391.8907274,363.7959595,0.356744906,#DIV/0!
Remark=,"""09:43:49 LCF Lamp: ParIn -> 300 uml, with blue = 10 percent, actinic on""
",,,,,,,,,,,,,,,,,,,,,,,,,,,,,,,,,,,,,,,,,,,,,,,,,,,,,,,,,,,,,,,,,,,,,,,,,,,,,,,,,
Remark=,"""09:44:51 Fs=485 Msr=3 Mod=0.25 Filter=5 Gain=10""
",,,,,,,,,,,,,,,,,,,,,,,,,,,,,,,,,,,,,,,,,,,,,,,,,,,,,,,,,,,,,,,,,,,,,,,,,,,,,,,,,
Remark=,"""09:44:51 RF#31 8916 um, Fmax=852 Int=9 Mod=20 Filter=50""
",,,,,,,,,,,,,,,,,,,,,,,,,,,,,,,,,,,,,,,,,,,,,,,,,,,,,,,,,,,,,,,,,,,,,,,,,,,,,,,,,
Remark=,"""09:44:52 Fm'=852""
",,,,,,,,,,,,,,,,,,,,,,,,,,,,,,,,,,,,,,,,,,,,,,,,,,,,,,,,,,,,,,,,,,,,,,,,,,,,,,,,,
Remark=,"""   6   8   1   4 0.25   509:45:00 Dark#31 Fmin=369 Dur=6 FarRed=8 Pre=1 Post=4 Mod=0.25 Filter=5""
",,,,,,,,,,,,,,,,,,,,,,,,,,,,,,,,,,,,,,,,,,,,,,,,,,,,,,,,,,,,,,,,,,,,,,,,,,,,,,,,,
Remark=,"""09:45:00 Fo'=369""
",,,,,,,,,,,,,,,,,,,,,,,,,,,,,,,,,,,,,,,,,,,,,,,,,,,,,,,,,,,,,,,,,,,,,,,,,,,,,,,,,
4,09:45:00,303.4999851,0,6.635491156,0.102027581,290.5117906,31,31,0,0,369.8249512,852.2833252,485.7476807,#DIV/0!,0.566077453,0.430063142,-1,0.87,0.92,9.801850319,0.874900925,0.028932952,0.759724909,2.304558745,-1,301.6375122,0.5,56.74746343,0.799963193,0.787777648,10.93064499,1.840000033,4.861682179,1,9.723364358,5.98436594,10.93064499,2.171352625,408.4296875,399.8740845,4.239636421,5.218512535,45.3651123,55.83932114,149.5849152,301.6375122,12.4295578,100.3476639,5.005373001,0.131092429,0.75,-1.355140209,7.355140209,1,0,0.159999996,111115,0.812961481,0.000799963,284.080645,279.1343659,48.26200087,-0.133272514,1.31144319,13.06899572,7.850483188,8.457505465,1.110845557,0.10096812,0.523665542,0.587180016,0.063199413,29.15217952,0.726508173,40.00567143,398.9528074,0.006653852,0,263.9029385,482.458374,0.430063142,#DIV/0!
Remark=,"""09:45:04 LCF Lamp: ParIn -> 200 uml, with blue = 10 percent, actinic on""
",,,,,,,,,,,,,,,,,,,,,,,,,,,,,,,,,,,,,,,,,,,,,,,,,,,,,,,,,,,,,,,,,,,,,,,,,,,,,,,,,
Remark=,"""09:46:05 Fs=531 Msr=3 Mod=0.25 Filter=5 Gain=10""
",,,,,,,,,,,,,,,,,,,,,,,,,,,,,,,,,,,,,,,,,,,,,,,,,,,,,,,,,,,,,,,,,,,,,,,,,,,,,,,,,
Remark=,"""09:46:05 RF#32 8891 um, Fmax=1054 Int=9 Mod=20 Filter=50""
",,,,,,,,,,,,,,,,,,,,,,,,,,,,,,,,,,,,,,,,,,,,,,,,,,,,,,,,,,,,,,,,,,,,,,,,,,,,,,,,,
Remark=,"""09:46:06 Fm'=1054""
",,,,,,,,,,,,,,,,,,,,,,,,,,,,,,,,,,,,,,,,,,,,,,,,,,,,,,,,,,,,,,,,,,,,,,,,,,,,,,,,,
Remark=,"""   6   8   1   4 0.25   509:46:14 Dark#32 Fmin=400 Dur=6 FarRed=8 Pre=1 Post=4 Mod=0.25 Filter=5""
",,,,,,,,,,,,,,,,,,,,,,,,,,,,,,,,,,,,,,,,,,,,,,,,,,,,,,,,,,,,,,,,,,,,,,,,,,,,,,,,,
Remark=,"""09:46:14 Fo'=400""
",,,,,,,,,,,,,,,,,,,,,,,,,,,,,,,,,,,,,,,,,,,,,,,,,,,,,,,,,,,,,,,,,,,,,,,,,,,,,,,,,
5,09:46:14,377.49998,0,5.590220279,0.100820598,307.2225706,32,32,0,0,400.9145508,1054.382568,531.9574585,#DIV/0!,0.619763677,0.495479654,-1,0.87,0.92,9.064470291,0.874532235,0.037718812,0.799465461,2.629943379,-1,199.7864838,0.5,43.28503323,0.762893537,0.760294913,10.58692265,1.840000033,4.861682179,1,9.723364358,5.732045174,10.58692265,1.907816291,408.301239,401.0513306,4.263631821,5.196806431,46.42573929,56.5868721,149.642868,199.7864838,12.56377983,100.3476639,5.005373001,0.131092429,0.75,-1.355140209,7.355140209,1,0,0.159999996,111115,0.813276442,0.000762894,283.7369226,278.8820452,31.96583669,-0.185780852,1.281782298,12.77341443,7.576607997,8.15948391,1.088602333,0.099785927,0.521487385,0.567114948,0.062458345,30.82906725,0.766043015,40.76100725,400.2751797,0.005692659,0,174.7197202,653.4680176,0.495479654,#DIV/0!
Remark=,"""09:46:18 LCF Lamp: ParIn -> 175 uml, with blue = 10 percent, actinic on""
",,,,,,,,,,,,,,,,,,,,,,,,,,,,,,,,,,,,,,,,,,,,,,,,,,,,,,,,,,,,,,,,,,,,,,,,,,,,,,,,,
Remark=,"""09:47:19 Fs=552 Msr=3 Mod=0.25 Filter=5 Gain=10""
",,,,,,,,,,,,,,,,,,,,,,,,,,,,,,,,,,,,,,,,,,,,,,,,,,,,,,,,,,,,,,,,,,,,,,,,,,,,,,,,,
Remark=,"""09:47:19 RF#33 8883 um, Fmax=1134 Int=9 Mod=20 Filter=50""
",,,,,,,,,,,,,,,,,,,,,,,,,,,,,,,,,,,,,,,,,,,,,,,,,,,,,,,,,,,,,,,,,,,,,,,,,,,,,,,,,
Remark=,"""09:47:20 Fm'=1134""
",,,,,,,,,,,,,,,,,,,,,,,,,,,,,,,,,,,,,,,,,,,,,,,,,,,,,,,,,,,,,,,,,,,,,,,,,,,,,,,,,
Remark=,"""   6   8   1   4 0.25   509:47:28 Dark#33 Fmin=410 Dur=6 FarRed=8 Pre=1 Post=4 Mod=0.25 Filter=5""
",,,,,,,,,,,,,,,,,,,,,,,,,,,,,,,,,,,,,,,,,,,,,,,,,,,,,,,,,,,,,,,,,,,,,,,,,,,,,,,,,
Remark=,"""09:47:28 Fo'=410""
",,,,,,,,,,,,,,,,,,,,,,,,,,,,,,,,,,,,,,,,,,,,,,,,,,,,,,,,,,,,,,,,,,,,,,,,,,,,,,,,,
6,09:47:28,451.4999749,0,4.977529839,0.097490193,313.4774913,33,33,0,0,410.34375,1134.755127,552.3920288,#DIV/0!,0.638385639,0.513205963,-1,0.87,0.92,10.17863083,0.875089315,0.038583028,0.803912137,2.765376899,-1,177.0406799,0.5,39.75457808,0.729722471,0.751842056,10.46710014,1.840000033,4.861682179,1,9.723364358,5.593215466,10.46710014,1.745067716,406.6603088,400.1796875,4.286806583,5.179588795,47.12779999,56.94276428,149.6148529,177.0406799,12.37177086,100.3439026,5.005373001,0.131092429,0.5,-1.355140209,7.355140209,1,0,0.159999996,111115,0.813124186,0.000729722,283.6171001,278.7432155,28.32650816,-0.194623867,1.27158221,12.67224193,7.492653133,8.030157804,1.079072759,0.096522422,0.519740153,0.559332606,0.060412722,31.45555485,0.783341836,40.93321496,399.4886031,0.005100178,0,154.9264074,724.411377,0.513205963,#DIV/0!
Remark=,"""09:47:32 LCF Lamp: ParIn -> 150 uml, with blue = 10 percent, actinic on""
",,,,,,,,,,,,,,,,,,,,,,,,,,,,,,,,,,,,,,,,,,,,,,,,,,,,,,,,,,,,,,,,,,,,,,,,,,,,,,,,,
Remark=,"""09:48:33 Fs=564 Msr=3 Mod=0.25 Filter=5 Gain=10""
",,,,,,,,,,,,,,,,,,,,,,,,,,,,,,,,,,,,,,,,,,,,,,,,,,,,,,,,,,,,,,,,,,,,,,,,,,,,,,,,,
Remark=,"""09:48:33 RF#34 8875 um, Fmax=1212 Int=9 Mod=20 Filter=50""
",,,,,,,,,,,,,,,,,,,,,,,,,,,,,,,,,,,,,,,,,,,,,,,,,,,,,,,,,,,,,,,,,,,,,,,,,,,,,,,,,
Remark=,"""09:48:34 Fm'=1212""
",,,,,,,,,,,,,,,,,,,,,,,,,,,,,,,,,,,,,,,,,,,,,,,,,,,,,,,,,,,,,,,,,,,,,,,,,,,,,,,,,
Remark=,"""   6   8   1   4 0.25   509:48:42 Dark#34 Fmin=419 Dur=6 FarRed=8 Pre=1 Post=4 Mod=0.25 Filter=5""
",,,,,,,,,,,,,,,,,,,,,,,,,,,,,,,,,,,,,,,,,,,,,,,,,,,,,,,,,,,,,,,,,,,,,,,,,,,,,,,,,
Remark=,"""09:48:42 Fo'=419""
",,,,,,,,,,,,,,,,,,,,,,,,,,,,,,,,,,,,,,,,,,,,,,,,,,,,,,,,,,,,,,,,,,,,,,,,,,,,,,,,,
7,09:48:42,525.9999698,0,4.508759468,0.093520336,318.5090853,34,34,0,0,419.7709961,1212.174683,564.7973633,#DIV/0!,0.653704204,0.534062729,-1,0.87,0.92,9.344959259,0.87467248,0.041657492,0.816979187,2.88770471,-1,151.1872711,0.5,35.31205284,0.690407006,0.741298729,10.31603622,1.840000033,4.861682179,1,9.723364358,5.48333025,10.31603622,1.636807442,406.4490051,400.5646057,4.31283617,5.157436848,47.77772903,57.13424301,149.6325073,151.1872711,12.34689617,100.3455505,5.005373001,0.131092429,0.75,-1.355140209,7.355140209,1,0,0.159999996,111115,0.813220134,0.000690407,283.4660362,278.6333302,24.18996284,-0.202120059,1.258824569,12.54489673,7.387459885,7.899683237,1.069533188,0.092629417,0.51752584,0.552007349,0.057972775,31.96096952,0.795150347,41.1519548,399.9386058,0.004639319,0,132.2393453,792.4036865,0.534062729,#DIV/0!
Remark=,"""09:48:46 LCF Lamp: ParIn -> 125 uml, with blue = 10 percent, actinic on""
",,,,,,,,,,,,,,,,,,,,,,,,,,,,,,,,,,,,,,,,,,,,,,,,,,,,,,,,,,,,,,,,,,,,,,,,,,,,,,,,,
Remark=,"""09:49:47 Fs=574 Msr=3 Mod=0.25 Filter=5 Gain=10""
",,,,,,,,,,,,,,,,,,,,,,,,,,,,,,,,,,,,,,,,,,,,,,,,,,,,,,,,,,,,,,,,,,,,,,,,,,,,,,,,,
Remark=,"""09:49:47 RF#35 8876 um, Fmax=1296 Int=9 Mod=20 Filter=50""
",,,,,,,,,,,,,,,,,,,,,,,,,,,,,,,,,,,,,,,,,,,,,,,,,,,,,,,,,,,,,,,,,,,,,,,,,,,,,,,,,
Remark=,"""09:49:48 Fm'=1296""
",,,,,,,,,,,,,,,,,,,,,,,,,,,,,,,,,,,,,,,,,,,,,,,,,,,,,,,,,,,,,,,,,,,,,,,,,,,,,,,,,
Remark=,"""   6   8   1   4 0.25   509:49:56 Dark#35 Fmin=430 Dur=6 FarRed=8 Pre=1 Post=4 Mod=0.25 Filter=5""
",,,,,,,,,,,,,,,,,,,,,,,,,,,,,,,,,,,,,,,,,,,,,,,,,,,,,,,,,,,,,,,,,,,,,,,,,,,,,,,,,
Remark=,"""09:49:56 Fo'=430""
",,,,,,,,,,,,,,,,,,,,,,,,,,,,,,,,,,,,,,,,,,,,,,,,,,,,,,,,,,,,,,,,,,,,,,,,,,,,,,,,,
8,09:49:56,599.9999647,0,3.654460852,0.08718357,328.0692141,35,35,0,0,430.7285156,1296.238525,574.7355347,#DIV/0!,0.667708908,0.556612827,-1,0.87,0.92,11.29257298,0.875646286,0.042867075,0.833615998,3.009409589,-1,123.9986115,0.5,30.21821085,0.645525365,0.742937715,10.3003931,1.840000033,4.861682179,1,9.723364358,5.416965961,10.3003931,1.562666416,404.8095093,399.9967957,4.338633537,5.12857914,48.28013229,57.07061005,149.5894318,123.9986115,12.36038494,100.3342667,5.005373001,0.131092429,0.75,-1.355140209,7.355140209,1,0,0.159999996,111115,0.812986027,0.000645525,283.4503931,278.566966,19.83977739,-0.213040619,1.257509942,12.53320509,7.404625951,7.858679533,1.066550627,0.086408794,0.514572227,0.5519784,0.054074575,32.91658401,0.820179606,40.92326068,399.4894073,0.00374359,0,108.5789236,865.5100098,0.556612827,#DIV/0!
Remark=,"""09:50:00 LCF Lamp: ParIn -> 100 uml, with blue = 10 percent, actinic on""
",,,,,,,,,,,,,,,,,,,,,,,,,,,,,,,,,,,,,,,,,,,,,,,,,,,,,,,,,,,,,,,,,,,,,,,,,,,,,,,,,
Remark=,"""09:51:01 Fs=577 Msr=3 Mod=0.25 Filter=5 Gain=10""
",,,,,,,,,,,,,,,,,,,,,,,,,,,,,,,,,,,,,,,,,,,,,,,,,,,,,,,,,,,,,,,,,,,,,,,,,,,,,,,,,
Remark=,"""09:51:01 RF#36 8868 um, Fmax=1371 Int=9 Mod=20 Filter=50""
",,,,,,,,,,,,,,,,,,,,,,,,,,,,,,,,,,,,,,,,,,,,,,,,,,,,,,,,,,,,,,,,,,,,,,,,,,,,,,,,,
Remark=,"""09:51:02 Fm'=1371""
",,,,,,,,,,,,,,,,,,,,,,,,,,,,,,,,,,,,,,,,,,,,,,,,,,,,,,,,,,,,,,,,,,,,,,,,,,,,,,,,,
Remark=,"""   6   8   1   4 0.25   509:51:10 Dark#36 Fmin=438 Dur=6 FarRed=8 Pre=1 Post=4 Mod=0.25 Filter=5""
",,,,,,,,,,,,,,,,,,,,,,,,,,,,,,,,,,,,,,,,,,,,,,,,,,,,,,,,,,,,,,,,,,,,,,,,,,,,,,,,,
Remark=,"""09:51:10 Fo'=438""
",,,,,,,,,,,,,,,,,,,,,,,,,,,,,,,,,,,,,,,,,,,,,,,,,,,,,,,,,,,,,,,,,,,,,,,,,,,,,,,,,
9,09:51:10,673.9999596,0,3.104694535,0.081363337,334.7821389,36,36,0,0,438.9379883,1371.163818,577.6535645,#DIV/0!,0.679879251,0.578712947,-1,0.87,0.92,10.31254768,0.875156274,0.0477244,0.8511996,3.123821257,-1,98.27764893,0.5,24.88705867,0.595628068,0.73425692,10.15212536,1.840000033,4.861682179,1,9.723364358,5.352517605,10.15212536,1.496999383,404.7221375,400.6106873,4.362174511,5.090921879,48.76560211,56.91241074,149.6233521,98.27764893,12.30306435,100.3458176,5.005373001,0.131092429,0.75,-1.355140209,7.355140209,1,0,0.159999996,111115,0.813170377,0.000595628,283.3021254,278.5025176,15.72442348,-0.21713936,1.245109638,12.40818669,7.317264809,7.752321482,1.058848434,0.080688154,0.510852718,0.547995716,0.050490326,33.59398743,0.8356795,41.00189247,400.1796289,0.00318103,0,86.00830104,932.2258301,0.578712947,#DIV/0!
Remark=,"""09:51:14 LCF Lamp: ParIn -> 75 uml, with blue = 10 percent, actinic on""
",,,,,,,,,,,,,,,,,,,,,,,,,,,,,,,,,,,,,,,,,,,,,,,,,,,,,,,,,,,,,,,,,,,,,,,,,,,,,,,,,
Remark=,"""09:52:15 Fs=573 Msr=3 Mod=0.25 Filter=5 Gain=10""
",,,,,,,,,,,,,,,,,,,,,,,,,,,,,,,,,,,,,,,,,,,,,,,,,,,,,,,,,,,,,,,,,,,,,,,,,,,,,,,,,
Remark=,"""09:52:15 RF#37 8854 um, Fmax=1429 Int=9 Mod=20 Filter=50""
",,,,,,,,,,,,,,,,,,,,,,,,,,,,,,,,,,,,,,,,,,,,,,,,,,,,,,,,,,,,,,,,,,,,,,,,,,,,,,,,,
Remark=,"""09:52:16 Fm'=1429""
",,,,,,,,,,,,,,,,,,,,,,,,,,,,,,,,,,,,,,,,,,,,,,,,,,,,,,,,,,,,,,,,,,,,,,,,,,,,,,,,,
Remark=,"""   6   8   1   4 0.25   509:52:24 Dark#37 Fmin=443 Dur=6 FarRed=8 Pre=1 Post=4 Mod=0.25 Filter=5""
",,,,,,,,,,,,,,,,,,,,,,,,,,,,,,,,,,,,,,,,,,,,,,,,,,,,,,,,,,,,,,,,,,,,,,,,,,,,,,,,,
Remark=,"""09:52:24 Fo'=443""
",,,,,,,,,,,,,,,,,,,,,,,,,,,,,,,,,,,,,,,,,,,,,,,,,,,,,,,,,,,,,,,,,,,,,,,,,,,,,,,,,
10,09:52:24,747.9999545,0,1.846624024,0.074322578,355.7969516,37,37,0,0,443.3227539,1429.297241,573.1013184,#DIV/0!,0.689831659,0.599032796,-1,0.87,0.92,8.173376083,0.874086688,0.042429217,0.868375332,3.224055676,-1,76.75569153,0.5,20.09489306,0.544314604,0.734086115,10.10566902,1.840000033,4.861682179,1,9.723364358,5.332339287,10.10566902,1.484686852,402.8085327,400.2695923,4.387970924,5.053991795,49.12414169,56.58036423,149.6165009,76.75569153,12.24614429,100.3484802,5.005373001,0.131092429,0.5,-1.355140209,7.355140209,1,0,0.159999996,111115,0.813133142,0.000544315,283.255669,278.4823393,12.28091037,-0.220660452,1.24124651,12.36936033,7.315368536,7.719004154,1.056445787,0.073758787,0.507160396,0.549285391,0.046149566,35.70368337,0.888893282,40.79178342,400.0132055,0.001883115,0,67.0911282,985.9744873,0.599032796,#DIV/0!
Remark=,"""09:52:28 LCF Lamp: ParIn -> 50 uml, with blue = 10 percent, actinic on""
",,,,,,,,,,,,,,,,,,,,,,,,,,,,,,,,,,,,,,,,,,,,,,,,,,,,,,,,,,,,,,,,,,,,,,,,,,,,,,,,,
Remark=,"""09:53:29 Fs=558 Msr=3 Mod=0.25 Filter=5 Gain=10""
",,,,,,,,,,,,,,,,,,,,,,,,,,,,,,,,,,,,,,,,,,,,,,,,,,,,,,,,,,,,,,,,,,,,,,,,,,,,,,,,,
Remark=,"""09:53:29 RF#38 8849 um, Fmax=1496 Int=9 Mod=20 Filter=50""
",,,,,,,,,,,,,,,,,,,,,,,,,,,,,,,,,,,,,,,,,,,,,,,,,,,,,,,,,,,,,,,,,,,,,,,,,,,,,,,,,
Remark=,"""09:53:30 Fm'=1496""
",,,,,,,,,,,,,,,,,,,,,,,,,,,,,,,,,,,,,,,,,,,,,,,,,,,,,,,,,,,,,,,,,,,,,,,,,,,,,,,,,
Remark=,"""{ Unknown! }09:53:38 Dark#38 Fmin=447 Dur=6 FarRed=8 Pre=1 Post=4 Mod=0.25 Filter=5""
",,,,,,,,,,,,,,,,,,,,,,,,,,,,,,,,,,,,,,,,,,,,,,,,,,,,,,,,,,,,,,,,,,,,,,,,,,,,,,,,,
Remark=,"""09:53:38 Fo'=447""
",,,,,,,,,,,,,,,,,,,,,,,,,,,,,,,,,,,,,,,,,,,,,,,,,,,,,,,,,,,,,,,,,,,,,,,,,,,,,,,,,
11,09:53:38,822.4999494,0,1.224255628,0.067439831,367.3076616,38,38,0,0,447.7595215,1496.228394,558.2730103,#DIV/0!,0.700741195,0.626879818,-1,0.87,0.92,12.25667191,0.876128336,0.049318652,0.894595355,3.341589228,-1,51.47611618,0.5,14.13604086,0.497880596,0.73945492,10.12766838,1.840000033,4.861682179,1,9.723364358,5.317824841,10.12766838,1.464852571,402.8416443,401.0906067,4.409687519,5.01886034,49.41559601,56.24206924,149.6295471,51.47611618,12.32306004,100.3454208,5.005373001,0.131092429,0.75,-1.355140209,7.355140209,1,0,0.159999996,111115,0.813204046,0.000497881,283.2776684,278.4678248,8.236178405,-0.229698405,1.243074573,12.38795515,7.369094811,7.722746611,1.05671543,0.0669753,0.503619653,0.553095777,0.041901051,36.85764188,0.915772286,40.40509913,400.92063,0.001233815,0,45.09968401,1048.468872,0.626879818,#DIV/0!
Remark=,"""09:53:42 LCF Lamp: ParIn -> 25 uml, with blue = 10 percent, actinic on""
",,,,,,,,,,,,,,,,,,,,,,,,,,,,,,,,,,,,,,,,,,,,,,,,,,,,,,,,,,,,,,,,,,,,,,,,,,,,,,,,,
Remark=,"""09:54:43 Fs=524 Msr=3 Mod=0.25 Filter=5 Gain=10""
",,,,,,,,,,,,,,,,,,,,,,,,,,,,,,,,,,,,,,,,,,,,,,,,,,,,,,,,,,,,,,,,,,,,,,,,,,,,,,,,,
Remark=,"""09:54:43 RF#39 8838 um, Fmax=1566 Int=9 Mod=20 Filter=50""
",,,,,,,,,,,,,,,,,,,,,,,,,,,,,,,,,,,,,,,,,,,,,,,,,,,,,,,,,,,,,,,,,,,,,,,,,,,,,,,,,
Remark=,"""09:54:44 Fm'=1566""
",,,,,,,,,,,,,,,,,,,,,,,,,,,,,,,,,,,,,,,,,,,,,,,,,,,,,,,,,,,,,,,,,,,,,,,,,,,,,,,,,
Remark=,"""   6   8   1   4 0.25   509:54:52 Dark#39 Fmin=451 Dur=6 FarRed=8 Pre=1 Post=4 Mod=0.25 Filter=5""
",,,,,,,,,,,,,,,,,,,,,,,,,,,,,,,,,,,,,,,,,,,,,,,,,,,,,,,,,,,,,,,,,,,,,,,,,,,,,,,,,
Remark=,"""09:54:52 Fo'=451""
",,,,,,,,,,,,,,,,,,,,,,,,,,,,,,,,,,,,,,,,,,,,,,,,,,,,,,,,,,,,,,,,,,,,,,,,,,,,,,,,,
12,09:54:52,896.4999443,0,0.211260364,0.060352552,390.622624,39,39,0,0,451.9484863,1566.234985,524.1157227,#DIV/0!,0.711442733,0.665365844,-1,0.87,0.92,14.16854477,0.877084272,0.057050705,0.935234577,3.465516608,-1,24.20667648,0.5,7.063289333,0.439816731,0.729420365,10.02869415,1.840000033,4.861682179,1,9.723364358,5.4953475,10.02869415,1.884413719,401.3686829,400.8921204,4.499023914,5.037092686,49.79861832,55.75437164,149.6437836,24.20667648,12.44970798,100.3452759,5.005373001,0.131092429,0.5,-1.355140209,7.355140209,1,0,0.159999996,111115,0.813281418,0.000439817,283.1786942,278.6453475,3.873068151,-0.226549836,1.23486882,12.30619787,7.269105182,7.762020826,1.059548798,0.059980257,0.505448455,0.554100343,0.037520932,39.19713497,0.974383392,40.78220761,400.8627888,0.000214928,0,21.23129523,1114.286499,0.665365844,#DIV/0!
Remark=,"""09:54:54 LCF Lamp: ParIn -> 0 uml, with blue = 10 percent, actinic on""
",,,,,,,,,,,,,,,,,,,,,,,,,,,,,,,,,,,,,,,,,,,,,,,,,,,,,,,,,,,,,,,,,,,,,,,,,,,,,,,,,
Remark=,"""09:55:55 Fs=439 Msr=3 Mod=0.25 Filter=5 Gain=10""
",,,,,,,,,,,,,,,,,,,,,,,,,,,,,,,,,,,,,,,,,,,,,,,,,,,,,,,,,,,,,,,,,,,,,,,,,,,,,,,,,
Remark=,"""09:55:55 RF#40 8831 um, Fmax=1648 Int=9 Mod=20 Filter=50""
",,,,,,,,,,,,,,,,,,,,,,,,,,,,,,,,,,,,,,,,,,,,,,,,,,,,,,,,,,,,,,,,,,,,,,,,,,,,,,,,,
Remark=,"""09:55:56 Fm'=1648""
",,,,,,,,,,,,,,,,,,,,,,,,,,,,,,,,,,,,,,,,,,,,,,,,,,,,,,,,,,,,,,,,,,,,,,,,,,,,,,,,,
Remark=,"""09:56:04 Dark#40 Fmin=448 Dur=6 FarRed=8 Pre=1 Post=4 Mod=0.25 Filter=5""
",,,,,,,,,,,,,,,,,,,,,,,,,,,,,,,,,,,,,,,,,,,,,,,,,,,,,,,,,,,,,,,,,,,,,,,,,,,,,,,,,
Remark=,"""09:56:04 Fo'=448""
",,,,,,,,,,,,,,,,,,,,,,,,,,,,,,,,,,,,,,,,,,,,,,,,,,,,,,,,,,,,,,,,,,,,,,,,,,,,,,,,,
13,09:56:04,968.4999393,0,-1.511779825,0.056977331,438.9257558,40,40,0,0,448.9333496,1648.3927,439.2246399,#DIV/0!,0.727653884,0.733543688,-1,0.87,0.92,0,0.87,-1.04378481,1.008094238,3.671798278,-1,0.563576579,0.5,0.179832498,0.418298032,0.734553468,10.08864689,1.840000033,4.861682179,1,9.723364358,5.756447315,10.08864689,2.27220726,399.5662537,401.2190247,4.523609638,5.035436153,49.17200089,54.7355957,149.6195984,0.563576579,12.43395519,100.3448715,5.005373001,0.131092429,0.75,-1.355140209,7.355140209,1,0,0.159999996,111115,0.813149976,0.000418298,283.2386469,278.9064473,0.090172251,-0.23033032,1.239833662,12.35572524,7.320289089,7.922547102,1.071199471,0.056645398,0.505280194,0.565919278,0.035433047,44.04394857,1.093980417,40.58234876,401.4289214,-0.00152833,0,0.490311624,1199.459351,0.733543688,#DIV/0!
Remark=,"""09:56:09 LCF Lamp: ParIn -> 0 uml, with blue = 10 percent, actinic on""
",,,,,,,,,,,,,,,,,,,,,,,,,,,,,,,,,,,,,,,,,,,,,,,,,,,,,,,,,,,,,,,,,,,,,,,,,,,,,,,,,
Remark=,"""09:56:09 CO2 Mixer: CO2S -> 400 uml""
",,,,,,,,,,,,,,,,,,,,,,,,,,,,,,,,,,,,,,,,,,,,,,,,,,,,,,,,,,,,,,,,,,,,,,,,,,,,,,,,,
Remark=,"""09:56:09 Coolers: Tleaf -> 10.00 C""
",,,,,,,,,,,,,,,,,,,,,,,,,,,,,,,,,,,,,,,,,,,,,,,,,,,,,,,,,,,,,,,,,,,,,,,,,,,,,,,,,
Remark=,"""09:56:09 Flow: Fixed -> 150 umol/s""
",,,,,,,,,,,,,,,,,,,,,,,,,,,,,,,,,,,,,,,,,,,,,,,,,,,,,,,,,,,,,,,,,,,,,,,,,,,,,,,,,
Remark=,"""09:56:52 LCF Lamp: Off""
",,,,,,,,,,,,,,,,,,,,,,,,,,,,,,,,,,,,,,,,,,,,,,,,,,,,,,,,,,,,,,,,,,,,,,,,,,,,,,,,,
Remark=,"""10:23:29 Fo=451""
",,,,,,,,,,,,,,,,,,,,,,,,,,,,,,,,,,,,,,,,,,,,,,,,,,,,,,,,,,,,,,,,,,,,,,,,,,,,,,,,,
Remark=,"""10:23:29 RF#41 8947 um, Fmax=1897 Int=9 Mod=20 Filter=50""
",,,,,,,,,,,,,,,,,,,,,,,,,,,,,,,,,,,,,,,,,,,,,,,,,,,,,,,,,,,,,,,,,,,,,,,,,,,,,,,,,
Remark=,"""10:23:30 Fm=1897""
",,,,,,,,,,,,,,,,,,,,,,,,,,,,,,,,,,,,,,,,,,,,,,,,,,,,,,,,,,,,,,,,,,,,,,,,,,,,,,,,,
14,10:23:30,2623.999892,0,-0.961285494,0.020308571,469.6899338,41,40,451.0555725,1897.286499,0,0,0,0.762262804,#DIV/0!,#DIV/0!,-1,0.87,0.92,0,0.87,0.1119124,#DIV/0!,1,#DIV/0!,0.563576579,0.5,#DIV/0!,0.149144544,0.732201848,10.0015955,1.840000033,4.861682179,1,9.723364358,6.546310902,10.0015955,3.586651802,397.823822,398.9325256,4.803859711,4.986311436,49.45389557,51.33216476,149.6601868,0.397627354,0.129835904,100.3604813,5.005373001,0.131092429,1,-1.355140209,7.355140209,1,0,0.159999996,111115,0.813370566,0.000149145,283.1515955,279.6963109,0.063620375,-0.152890617,1.232630463,12.28203022,7.29571878,8.273953199,1.097098999,0.020266242,0.500428615,0.596670383,0.012670198,47.1383078,1.177366857,40.20596776,399.0659913,-0.000968497,1446.230927,0.345935798,0,0,1.311883506
